Context,Time,True Alt,Vertical Speed,Groundspeed,Prediction Distance,Horizontal Stop Distance,Predicted True Alt at Stop Distance,predicted_fall,Predicted Terrain hieght,time_to_change_speed(horizontal_stop),Vertical speed at stop point,vertical stop time,Vertical stop distance after fall,local g
!!! Ran Brake Warning- SAFE !!!,2295563.535,9253.3,-9.999706699,460.2039651,5428.96,3626.786442,9453.29,161.4337189,4966.506915,23.59381212,-43.83,2.43,53.2,1.43
!!! Ran Brake Warning- SAFE !!!,2295564.095,9171.2,-10.22248136,460.2165028,5429.24,3626.899483,9428.98,156.20198,4985.966126,23.59437762,-44.05,2.44,53.74,1.43
!!! Ran Brake Warning- SAFE !!!,2295564.655,9084.13,-10.4456004,460.2275529,5429.47,3627.004086,9437.82,151.0256216,4975.976356,23.59479027,-44.28,2.45,54.29,1.43
!!! Ran Brake Warning- SAFE !!!,2295565.215,9007.85,-10.66444098,460.2380923,5429.72,3627.104388,9436.82,145.8249176,4977.558111,23.59545377,-44.5,2.46,54.84,1.43
!!! Ran Brake Warning- SAFE !!!,2295565.775,8933.66,-10.88620468,460.2527606,5430.08,3627.25425,9436.16,140.6921664,4975.105482,23.59621649,-44.73,2.47,55.4,1.43
!!! Ran Brake Warning- SAFE !!!,2295566.335,8879.17,-11.10786154,460.2665377,5430.52,3627.443738,9441.83,135.4844775,4968.750791,23.59698903,-44.95,2.49,55.96,1.43
!!! Ran Brake Warning- SAFE !!!,2295566.895,8831.93,-11.32749243,460.283723,5430.84,3627.576347,9435.39,130.2781139,4976.501121,23.5980067,-45.18,2.5,56.52,1.43
!!! Ran Brake Warning- SAFE !!!,2295567.455,8788.17,-11.55117833,460.3042139,5431.29,3627.76814,9435.59,125.28557,4971.810044,23.59911633,-45.4,2.51,57.06,1.43
!!! Ran Brake Warning- SAFE !!!,2295567.995,8745.06,-11.77578423,460.3223621,5431.72,3627.950818,9466.52,120.0982435,4939.685678,23.59967486,-45.62,2.52,57.63,1.43
!!! Ran Brake Warning- SAFE !!!,2295568.555,8727.07,-11.98631945,460.3339134,5431.99,3628.063753,9519.82,114.8800645,4895.098517,23.60045116,-45.84,2.54,58.2,1.43
!!! Ran Brake Warning- SAFE !!!,2295569.115,8679.31,-12.21092595,460.348472,5432.35,3628.211704,9527.64,109.6582125,4888.72899,23.60118186,-46.07,2.55,58.77,1.43
!!! Ran Brake Warning- SAFE !!!,2295569.675,8609.58,-12.42871898,460.3596443,5432.63,3628.337965,9530.13,104.5059785,4886.298788,23.60195368,-46.29,2.56,59.35,1.43
!!! Ran Brake Warning- SAFE !!!,2295570.235,8574.37,-12.65105906,460.3772356,5432.87,3628.451265,9513.41,99.42961251,4900.015765,23.60257206,-46.52,2.57,59.91,1.43
!!! Ran Brake Warning- SAFE !!!,2295570.795,8555.19,-12.87023935,460.387392,5433.18,3628.570153,9498.61,94.24721539,4909.167341,23.60308968,-46.74,2.59,60.5,1.43
!!! Ran Brake Warning- SAFE !!!,2295571.355,8538.4,-13.09431731,460.3949995,5433.52,3628.711693,9605.34,89.01038095,4798.822588,23.60414047,-46.97,2.6,61.09,1.43
!!! Ran Brake Warning- SAFE !!!,2295571.915,8510,-13.31575778,460.4184819,5433.95,3628.894246,9703.45,83.76484526,4723.200465,23.60486606,-47.19,2.61,61.66,1.43
!!! Ran Brake Warning- SAFE !!!,2295572.475,8457.59,-13.53586882,460.4380935,5434.43,3629.096376,9737.07,78.73364371,4691.078178,23.60587099,-47.42,2.62,62.27,1.43
!!! Ran Brake Warning- SAFE !!!,2295573.015,8412.37,-13.7620272,460.4623838,5435.02,3629.355459,9779.8,73.70822326,4652.144146,23.60701308,-47.64,2.64,62.84,1.43
!!! Ran Brake Warning- SAFE !!!,2295573.575,8359.32,-13.97509098,460.4684728,5435.17,3629.536822,9792.28,68.37353361,4643.910849,23.6080334,-47.86,2.65,63.44,1.43
!!! Ran Brake Warning- SAFE !!!,2295574.135,8308.27,-14.19565684,460.4950489,5435.74,3629.688556,9760.35,63.22714359,4669.324135,23.60845016,-48.09,2.66,64.03,1.43
!!! Ran Brake Warning- SAFE !!!,2295574.695,8277.19,-14.41271807,460.5099985,5436.17,3629.844084,9755.52,58.16703416,4667.364632,23.60950695,-48.31,2.67,64.62,1.43
!!! Ran Brake Warning- SAFE !!!,2295575.255,8239.67,-14.6330179,460.5284297,5436.57,3630.013778,9726.26,53.00142845,4693.049467,23.61045427,-48.53,2.69,65.23,1.43
!!! Ran Brake Warning- SAFE !!!,2295575.815,8216.27,-14.85520702,460.5466911,5437.01,3630.190481,9684.74,47.79215793,4727.668173,23.61138338,-48.76,2.7,65.83,1.43
!!! Ran Brake Warning- SAFE !!!,2295576.375,8199.86,-15.076711,460.5663475,5437.52,3630.406835,9600.36,42.61383927,4799.625164,23.61248972,-48.98,2.71,66.45,1.43
!!! Ran Brake Warning- SAFE !!!,2295576.935,8188.37,-15.29884307,460.5876561,5437.99,3630.607611,9501.8,37.41151895,4871.596081,23.61347988,-49.21,2.72,67.07,1.43
!!! Ran Brake Warning- SAFE !!!,2295577.495,8175.81,-15.52309695,460.6109097,5438.53,3630.835833,9517.36,32.14826371,4859.949819,23.61456632,-49.44,2.74,67.69,1.43
!!! Ran Brake Warning- SAFE !!!,2295578.055,8162.37,-15.74467974,460.6296155,5439.02,3631.040292,9518.12,27.2454948,4854.840478,23.61563914,-49.66,2.75,68.28,1.43
!!! Ran Brake Warning- SAFE !!!,2295578.595,8160.44,-15.96623586,460.656401,5439.6,3631.299019,9528.07,21.94675274,4842.905537,23.61704096,-49.88,2.76,68.91,1.43
!!! Ran Brake Warning- SAFE !!!,2295579.155,8168.62,-16.18646796,460.6787264,5440.13,3631.519612,9536.27,16.79916566,4829.867057,23.61784689,-50.11,2.77,69.53,1.43
!!! Ran Brake Warning- SAFE !!!,2295579.715,8162.12,-16.3999639,460.6885084,5440.35,3631.666495,9578.96,11.68653029,4786.709763,23.61858158,-50.33,2.79,70.15,1.43
!!! Ran Brake Warning- SAFE !!!,2295580.275,8180.49,-16.61818353,460.7058496,5440.81,3631.806962,9597.32,6.542348347,4769.756168,23.61957925,-50.55,2.8,70.78,1.43
!!! Ran Brake Warning- SAFE !!!,2295580.835,8223.51,-16.83967963,460.7290441,5441.32,3632.015131,9614.62,1.429709029,4749.963381,23.62064032,-50.78,2.81,71.41,1.43
!!! Ran Brake Warning- SAFE !!!,2295581.395,8245.32,-17.06066201,460.7522573,5441.87,3632.249505,9615.29,3.77784874,4738.63296,23.62170158,-51.01,2.82,72.05,1.43
!!! Ran Brake Warning- SAFE !!!,2295581.955,8235.1,-17.28474367,460.7707618,5442.38,3632.462993,9625.1,8.997280672,4713.707092,23.62312313,-51.23,2.83,72.69,1.43
!!! Ran Brake Warning- SAFE !!!,2295582.515,8220.91,-17.50529032,460.7928641,5442.97,3632.71579,9609.77,14.08872888,4716.260236,23.62400501,-51.46,2.85,73.33,1.43
!!! Ran Brake Warning- SAFE !!!,2295583.075,8195.04,-17.72358166,460.8089369,5443.21,3632.81782,9599.37,19.05590859,4708.029128,23.62496382,-51.68,2.86,73.98,1.43
!!! Ran Brake Warning- SAFE !!!,2295583.615,8198.43,-17.94598916,460.8319975,5443.75,3633.074727,9598.83,24.27656356,4691.119885,23.62605125,-51.91,2.87,74.62,1.43
!!! Ran Brake Warning- SAFE !!!,2295584.175,8325.91,-18.16788117,460.8641483,5444.51,3633.316961,9612.16,29.46186124,4667.00083,23.62811248,-52.13,2.89,75.25,1.44
!!! Ran Brake Warning- SAFE !!!,2295584.735,8369.86,-18.38272204,460.8810472,5444.88,3633.64789,9585.52,34.66857876,4675.767305,23.62785557,-52.36,2.9,75.91,1.44
!!! Ran Brake Warning- SAFE !!!,2295585.295,8409.81,-18.61074699,460.9087988,5445.3,3633.703193,9560.97,39.80696705,4679.820239,23.62982806,-52.59,2.91,76.59,1.44
!!! Ran Brake Warning- SAFE !!!,2295585.855,8420,-18.82699529,460.9278302,5446.04,3634.04615,9544.65,44.94239389,4679.965943,23.63102227,-52.81,2.92,77.24,1.44
!!! Ran Brake Warning- SAFE !!!,2295586.415,8397.59,-19.04364364,460.943574,5446.39,3634.163581,9535.51,50.15585734,4672.604343,23.63213197,-53.04,2.94,77.9,1.44
!!! Ran Brake Warning- SAFE !!!,2295586.975,8381.86,-19.26987436,460.9746066,5447.17,3634.490206,9503.38,55.4410696,4685.544961,23.63326208,-53.26,2.95,78.56,1.44
!!! Ran Brake Warning- SAFE !!!,2295587.535,8361.71,-19.49103303,460.9941058,5447.61,3634.67745,9473.6,60.58799776,4695.183136,23.63434984,-53.49,2.96,79.24,1.44
!!! Ran Brake Warning- SAFE !!!,2295588.095,8321.73,-19.71064503,461.0184234,5448.18,3634.920558,9461.96,65.71510146,4687.091243,23.63568218,-53.71,2.97,79.91,1.44
!!! Ran Brake Warning- SAFE !!!,2295588.655,8275.17,-19.93302752,461.0479063,5448.88,3635.214893,9429.67,70.72113241,4702.269681,23.63717748,-53.94,2.99,80.57,1.44
!!! Ran Brake Warning- SAFE !!!,2295589.195,8196.19,-20.15480901,461.0729002,5449.44,3635.453585,9387.54,75.87696549,4720.633065,23.63827055,-54.16,3,81.25,1.44
!!! Ran Brake Warning- SAFE !!!,2295589.755,8111.33,-20.37660161,461.091366,5449.88,3635.647118,9372.13,81.05087864,4717.614065,23.63936464,-54.39,3.01,81.92,1.44
!!! Ran Brake Warning- SAFE !!!,2295590.315,8117.02,-20.58652129,461.1129371,5450.41,3635.868749,9335.78,86.18137911,4734.404981,23.64043445,-54.61,3.02,82.61,1.44
!!! Ran Brake Warning- SAFE !!!,2295590.875,8107.45,-20.80959483,461.1358106,5450.95,3636.105336,9327.55,91.37004545,4719.950704,23.6414915,-54.84,3.04,83.3,1.44
!!! Ran Brake Warning- SAFE !!!,2295591.435,8102.49,-21.03039813,461.1639715,5451.6,3636.364787,9346.48,96.55855753,4686.621589,23.64296858,-55.07,3.05,83.99,1.44
!!! Ran Brake Warning- SAFE !!!,2295591.995,8107.63,-21.25381105,461.1930243,5452.3,3636.660885,9347.58,101.7453252,4670.446127,23.64438781,-55.3,3.06,84.69,1.44
!!! Ran Brake Warning- SAFE !!!,2295592.555,8136.62,-21.4733165,461.2132217,5452.75,3636.85134,9338.59,106.8902102,4660.327515,23.64577605,-55.52,3.07,85.38,1.44
!!! Ran Brake Warning- SAFE !!!,2295593.115,8137.66,-21.69346858,461.2421487,5453.47,3637.156668,9345.87,112.0104042,4636.608703,23.64716983,-55.75,3.09,86.08,1.44
!!! Ran Brake Warning- SAFE !!!,2295593.675,8140.51,-21.91425884,461.2725119,5454.11,3637.426982,9332.26,117.2462337,4632.640123,23.64871936,-55.98,3.1,86.78,1.44
!!! Ran Brake Warning- SAFE !!!,2295594.215,8143.2,-22.13905157,461.3032787,5454.89,3637.711242,9316.95,122.269739,4628.205633,23.64991271,-56.2,3.11,87.46,1.44
!!! Ran Brake Warning- SAFE !!!,2295594.775,8147.98,-22.35971909,461.3258859,5455.43,3638.045329,9407.88,127.3942498,4518.742616,23.65127723,-56.42,3.12,88.18,1.44
!!! Ran Brake Warning- SAFE !!!,2295595.335,8126.76,-22.57133109,461.3538314,5455.96,3638.216159,9502.74,132.6256591,4421.703753,23.65255605,-56.65,3.14,88.9,1.44
!!! Ran Brake Warning- SAFE !!!,2295595.895,8132.11,-22.79819159,461.3812006,5456.75,3638.554189,9552.2,137.9004032,4366.073648,23.6539969,-56.88,3.15,89.61,1.44
!!! Ran Brake Warning- SAFE !!!,2295596.455,8137.94,-23.02043619,461.409158,5457.49,3638.854346,9570.71,143.0932658,4335.526284,23.65581498,-57.11,3.16,90.34,1.44
!!! Ran Brake Warning- SAFE !!!,2295597.015,8142.8,-23.24248828,461.4364484,5458.04,3639.090782,9567.68,148.2080797,4320.742973,23.6570907,-57.34,3.17,91.07,1.44
!!! Ran Brake Warning- SAFE !!!,2295597.575,8123.12,-23.46639671,461.4738122,5458.9,3639.45294,9548.57,153.5462272,4318.888521,23.65889144,-57.57,3.19,91.82,1.44
!!! Ran Brake Warning- SAFE !!!,2295598.135,8106.33,-23.68914682,461.5014331,5459.61,3639.753424,9537.62,158.7232122,4310.324451,23.66042033,-57.8,3.2,92.53,1.44
!!! Ran Brake Warning- SAFE !!!,2295598.695,8099.43,-23.9105432,461.5292632,5460.21,3640.006857,9513.68,163.8761432,4316.979635,23.66220174,-58.02,3.21,93.27,1.44
!!! Ran Brake Warning- SAFE !!!,2295599.255,8085.71,-24.13017799,461.5561959,5460.84,3640.271456,9426.03,168.7231713,4381.547826,23.66339768,-58.25,3.22,93.98,1.44
!!! Ran Brake Warning- SAFE !!!,2295599.795,8057.86,-24.35237876,461.5964485,5461.83,3640.683286,9381.46,173.9482389,4385.501636,23.66526623,-58.47,3.24,94.7,1.44
!!! Ran Brake Warning- SAFE !!!,2295600.355,8040.58,-24.57489114,461.6220133,5462.43,3640.943733,9409.95,179.1240025,4345.719462,23.66648644,-58.7,3.25,95.44,1.44
!!! Ran Brake Warning- SAFE !!!,2295600.915,8036.74,-24.78463934,461.6476518,5463.07,3641.232954,9413.28,184.2659144,4321.38745,23.66799603,-58.93,3.26,96.18,1.44
!!! Ran Brake Warning- SAFE !!!,2295601.475,8006.3,-25.00689493,461.6822957,5463.89,3641.573607,9433.9,189.4343382,4287.654633,23.66972877,-59.15,3.27,96.93,1.44
!!! Ran Brake Warning- SAFE !!!,2295602.035,7982.63,-25.22895792,461.7175074,5464.72,3641.92344,9440.48,194.6396581,4261.072795,23.67158016,-59.39,3.29,97.68,1.44
!!! Ran Brake Warning- SAFE !!!,2295602.595,7954.03,-25.45045674,461.751778,5465.5,3642.242178,9440.96,199.803847,4242.735263,23.6731669,-59.61,3.3,98.44,1.44
!!! Ran Brake Warning- SAFE !!!,2295603.155,7920.49,-25.67216712,461.7844537,5466.37,3642.608432,9410.99,205.0027847,4250.80891,23.67504609,-59.84,3.31,99.2,1.44
!!! Ran Brake Warning- SAFE !!!,2295603.715,7932.74,-25.89310656,461.8140003,5467.02,3642.883145,9377.03,210.1545775,4263.818854,23.67651126,-60.07,3.33,99.95,1.44
!!! Ran Brake Warning- SAFE !!!,2295604.275,7941.59,-26.11323199,461.8431867,5467.67,3643.157205,9306.92,215.3050209,4307.241266,23.67813045,-60.3,3.34,100.72,1.44
!!! Ran Brake Warning- SAFE !!!,2295604.835,7949.07,-26.33431151,461.8786357,5468.51,3643.512484,9301.03,220.273694,4291.317995,23.67973823,-60.52,3.35,101.45,1.44
!!! Ran Brake Warning- SAFE !!!,2295605.375,7948.2,-26.55286506,461.9054984,5469.14,3643.840992,9360.58,225.4227099,4208.031003,23.68128758,-60.75,3.36,102.22,1.44
!!! Ran Brake Warning- SAFE !!!,2295605.935,7940.79,-26.76572104,461.9424889,5470.02,3644.161693,9424.45,230.5645328,4131.717099,23.68283096,-60.97,3.38,102.99,1.44
!!! Ran Brake Warning- SAFE !!!,2295606.495,7948.72,-26.98886739,461.9757924,5470.67,3644.455366,9489.82,235.7523062,4057.097185,23.68450345,-61.2,3.39,103.75,1.44
!!! Ran Brake Warning- SAFE !!!,2295607.055,7932.83,-27.20827599,462.0047734,5471.57,3644.798425,9533.18,240.9058307,4001.498309,23.68628173,-61.43,3.4,104.54,1.44
!!! Ran Brake Warning- SAFE !!!,2295607.615,8004.61,-27.43137235,462.0431882,5472.4,3645.155483,9563.59,246.0908183,3953.87743,23.68812254,-61.66,3.41,105.31,1.44
!!! Ran Brake Warning- SAFE !!!,2295608.175,8098.71,-27.65089644,462.0730604,5473.11,3645.453191,9609.24,251.2763001,3893.798983,23.69001217,-61.89,3.43,106.11,1.44
!!! Ran Brake Warning- SAFE !!!,2295608.735,8114.76,-27.87447809,462.1114429,5474.02,3645.840902,9651.08,256.4728175,3834.090142,23.69180863,-62.12,3.44,106.88,1.44
!!! Ran Brake Warning- SAFE !!!,2295609.295,8136.68,-28.0929803,462.1439099,5474.98,3646.245871,9683.6,261.5459429,3788.662955,23.69379374,-62.35,3.45,107.68,1.44
!!! Ran Brake Warning- SAFE !!!,2295609.855,8124.11,-28.31750464,462.1851629,5475.8,3646.590047,9703.56,266.6371166,3750.037984,23.6956082,-62.57,3.46,108.45,1.44
!!! Ran Brake Warning- SAFE !!!,2295610.395,8112.33,-28.5411777,462.2200152,5476.59,3646.960472,9703.59,271.8326128,3732.389415,23.69764047,-62.8,3.48,109.25,1.44
!!! Ran Brake Warning- SAFE !!!,2295610.955,8098.61,-28.76482962,462.2652175,5477.66,3647.3936,9681.99,277.0239283,3729.173943,23.69946266,-63.03,3.49,110.06,1.44
!!! Ran Brake Warning- SAFE !!!,2295611.515,8045.12,-28.97534162,462.2959493,5478.4,3647.73349,9681.36,282.1665623,3707.7683,23.70139798,-63.26,3.5,110.86,1.44
!!! Ran Brake Warning- SAFE !!!,2295612.075,7991.09,-29.19941733,462.3383221,5479.44,3648.040211,9646.67,287.3441682,3719.912249,23.70297261,-63.48,3.52,111.67,1.44
!!! Ran Brake Warning- SAFE !!!,2295612.635,8014.52,-29.41662232,462.3693859,5480.12,3648.476999,9601.31,292.5719699,3737.470612,23.70487269,-63.72,3.53,112.47,1.44
!!! Ran Brake Warning- SAFE !!!,2295613.195,8022.94,-29.63689342,462.4066393,5481.01,3648.787983,9542.57,297.6953934,3766.719299,23.7071503,-63.95,3.54,113.28,1.44
!!! Ran Brake Warning- SAFE !!!,2295613.755,8044.22,-29.85882602,462.444144,5481.93,3649.178501,9485.78,302.841782,3798.893385,23.70888278,-64.17,3.55,114.1,1.44
!!! Ran Brake Warning- SAFE !!!,2295614.315,8057.59,-30.08019604,462.4799701,5482.82,3649.550417,9382.54,308.0265273,3869.345914,23.71088197,-64.4,3.57,114.91,1.44
!!! Ran Brake Warning- SAFE !!!,2295614.875,8068.56,-30.30227382,462.5196423,5483.72,3649.931048,9284.61,313.2186894,3930.019397,23.71273054,-64.63,3.58,115.74,1.45
!!! Ran Brake Warning- SAFE !!!,2295615.435,8061.28,-30.52358146,462.5565952,5484.62,3650.312223,9203.66,318.2224573,3980.494394,23.71468457,-64.86,3.59,116.54,1.45
!!! Ran Brake Warning- SAFE !!!,2295615.975,8034.2,-30.74466134,462.5959532,5485.5,3650.700818,9011.72,323.3607633,4135.831292,23.71665594,-65.08,3.6,117.36,1.45
!!! Ran Brake Warning- SAFE !!!,2295616.535,7990.7,-30.95785599,462.633721,5486.4,3651.079434,8998.23,328.5224212,4100.28596,23.71861765,-65.31,3.62,118.19,1.45
!!! Ran Brake Warning- SAFE !!!,2295617.095,7936.58,-31.17786973,462.6704109,5487.32,3651.452024,9033.71,333.6676375,4049.648153,23.72040503,-65.54,3.63,119.02,1.45
!!! Ran Brake Warning- SAFE !!!,2295617.655,7977.16,-31.39853544,462.7087144,5488.22,3651.841,9037.75,338.8453771,4024.65165,23.72233177,-65.77,3.64,119.86,1.45
!!! Ran Brake Warning- SAFE !!!,2295618.215,8045.26,-31.6165045,462.7412045,5488.98,3652.23973,9034.57,343.9724228,4004.432818,23.72452877,-66,3.65,120.69,1.45
!!! Ran Brake Warning- SAFE !!!,2295618.775,8098.69,-31.839311,462.7874994,5490.08,3652.614644,9019.48,349.1313355,3997.003188,23.72654024,-66.23,3.67,121.53,1.45
!!! Ran Brake Warning- SAFE !!!,2295619.335,8160.78,-32.0603334,462.8303182,5491.1,3653.044662,8992.32,354.3335561,4000.840945,23.72867784,-66.46,3.68,122.39,1.45
!!! Ran Brake Warning- SAFE !!!,2295619.895,8187.82,-32.28176414,462.8727099,5492.11,3653.469148,8953.79,359.47936,4008.906343,23.73091194,-66.69,3.69,123.23,1.45
!!! Ran Brake Warning- SAFE !!!,2295620.455,8223.26,-32.5038954,462.9156156,5493.13,3653.898761,8905.37,364.5310169,4028.405598,23.73297828,-66.92,3.71,124.09,1.45
!!! Ran Brake Warning- SAFE !!!,2295620.995,8261.98,-32.72495567,462.9549675,5494.02,3654.302251,8870.58,369.6339323,4034.015998,23.73515164,-67.14,3.72,124.92,1.45
!!! Ran Brake Warning- SAFE !!!,2295621.555,8298.12,-32.94764643,462.9977157,5495.04,3654.688611,8841.93,374.8670598,4035.576943,23.73725764,-67.37,3.73,125.78,1.45
!!! Ran Brake Warning- SAFE !!!,2295622.115,8315.65,-33.15936905,463.0356889,5496.06,3655.121387,8811.38,380.1100002,4037.874588,23.73954816,-67.61,3.74,126.65,1.45
!!! Ran Brake Warning- SAFE !!!,2295622.675,8330.52,-33.38125202,463.0796345,5496.91,3655.535893,8792.22,385.2642531,4030.80626,23.74123418,-67.83,3.76,127.52,1.45
!!! Ran Brake Warning- SAFE !!!,2295623.235,8331.76,-33.6043634,463.1268427,5497.84,3655.898501,8745.96,390.4820733,4048.606069,23.74318293,-68.07,3.77,128.39,1.45
!!! Ran Brake Warning- SAFE !!!,2295623.795,8326.3,-33.8235128,463.157388,5499.07,3656.399632,8697.03,395.6406862,4067.834757,23.74623943,-68.3,3.78,129.26,1.45
!!! Ran Brake Warning- SAFE !!!,2295624.355,8311.96,-34.04791776,463.2135157,5500.16,3656.858393,8650.36,400.8385886,4084.845403,23.74820406,-68.53,3.8,130.14,1.45
!!! Ran Brake Warning- SAFE !!!,2295624.915,8267.93,-34.27291878,463.255338,5501.16,3657.282931,8595.02,406.1115252,4108.15787,23.75054701,-68.76,3.81,131.02,1.45
!!! Ran Brake Warning- SAFE !!!,2295625.475,8222.33,-34.49395004,463.2985559,5502.3,3657.762925,8548.64,411.2261982,4122.942634,23.75285026,-68.99,3.82,131.91,1.45
!!! Ran Brake Warning- SAFE !!!,2295626.035,8181.28,-34.71420902,463.3464954,5503.36,3658.207066,8543.79,416.3086703,4098.864493,23.75514693,-69.22,3.83,132.77,1.45
!!! Ran Brake Warning- SAFE !!!,2295626.575,8134.77,-34.93548017,463.3924177,5504.41,3658.664314,8516.16,421.4430377,4103.739121,23.75765389,-69.45,3.85,133.66,1.45
!!! Ran Brake Warning- SAFE !!!,2295627.135,8053.51,-35.15713781,463.4406676,5505.56,3659.155467,8468.34,426.6336787,4119.941056,23.76010467,-69.68,3.86,134.55,1.45
!!! Ran Brake Warning- SAFE !!!,2295627.695,7979.38,-35.36996649,463.4856879,5506.64,3659.582829,8423.74,431.7973867,4134.551731,23.7621724,-69.91,3.87,135.44,1.45
!!! Ran Brake Warning- SAFE !!!,2295628.255,7886.14,-35.58975639,463.5291076,5507.69,3660.051318,8405.58,436.9535053,4122.287493,23.76462876,-70.14,3.89,136.34,1.45
!!! Ran Brake Warning- SAFE !!!,2295628.815,7724.64,-35.8103873,463.5750105,5508.85,3660.537774,8375.46,442.1250109,4125.68769,23.76701985,-70.37,3.9,137.24,1.45
!!! Ran Brake Warning- SAFE !!!,2295629.375,7753.12,-36.03081126,463.619768,5509.84,3660.935089,8330.93,447.2842316,4136.719726,23.76915759,-70.6,3.91,138.14,1.45
!!! Ran Brake Warning- SAFE !!!,2295629.935,7762.93,-36.25083783,463.6649411,5510.92,3661.39065,8304.32,452.4530744,4135.403554,23.77169572,-70.83,3.92,139.04,1.45
!!! Ran Brake Warning- SAFE !!!,2295630.495,7781.29,-36.47190238,463.7094933,5512,3661.841378,8279.64,457.6235986,4131.385858,23.77411873,-71.06,3.94,139.95,1.45
!!! Ran Brake Warning- SAFE !!!,2295631.055,7775.03,-36.69261548,463.7599541,5513.2,3662.34945,8252.46,462.5820574,4131.254267,23.77614219,-71.29,3.95,140.86,1.45
!!! Ran Brake Warning- SAFE !!!,2295631.595,7759.19,-36.91324002,463.8054278,5514.23,3662.726558,8226.19,467.7827069,4126.764632,23.77845349,-71.52,3.96,141.75,1.45
!!! Ran Brake Warning- SAFE !!!,2295632.155,7740.05,-37.13429229,463.8496828,5515.28,3663.241567,8205.89,472.9532997,4114.490934,23.78110279,-71.75,3.97,142.67,1.45
!!! Ran Brake Warning- SAFE !!!,2295632.715,7711.93,-37.3476097,463.8910478,5516.41,3663.713456,8218.56,478.1611644,4079.426446,23.78337473,-71.98,3.99,143.58,1.45
!!! Ran Brake Warning- SAFE !!!,2295633.275,7668.38,-37.57075449,463.9488374,5517.49,3664.239263,8202.83,483.3872193,4068.876557,23.78588734,-72.21,4,144.52,1.45
!!! Ran Brake Warning- SAFE !!!,2295633.835,7634.44,-37.79028256,463.9934575,5518.73,3664.707812,8193.07,488.5704379,4050.514154,23.78864211,-72.44,4.01,145.45,1.45
!!! Ran Brake Warning- SAFE !!!,2295634.395,7619.44,-38.0104843,464.0406138,5519.93,3665.177247,8172.93,493.7426799,4041.248666,23.79082007,-72.67,4.03,146.38,1.45
!!! Ran Brake Warning- SAFE !!!,2295634.955,7592.39,-38.22959588,464.0886284,5521,3665.625514,8180.45,498.921448,4007.366156,23.7935447,-72.9,4.04,147.33,1.45
!!! Ran Brake Warning- SAFE !!!,2295635.515,7559.96,-38.45429163,464.1404619,5522.21,3666.135588,8183.31,504.0991339,3976.036755,23.79590855,-73.13,4.05,148.26,1.45
!!! Ran Brake Warning- SAFE !!!,2295636.075,7521.72,-38.67367995,464.1910305,5523.47,3666.665421,8189.83,509.1684519,3946.644584,23.79859353,-73.37,4.06,149.2,1.46
!!! Ran Brake Warning- SAFE !!!,2295636.635,7479.67,-38.89387401,464.2371874,5524.51,3667.104019,8163.89,514.1667682,3942.382116,23.80099522,-73.6,4.08,150.11,1.46
!!! Ran Brake Warning- SAFE !!!,2295637.175,7438.48,-39.1131128,464.2835887,5525.6,3667.71723,8147.39,519.3850454,3932.050814,23.80340731,-73.82,4.09,151.06,1.46
!!! Ran Brake Warning- SAFE !!!,2295637.735,7382.22,-39.33174157,464.3338024,5526.8,3668.189119,8107.15,524.5846002,3937.633387,23.80634427,-74.05,4.1,152.01,1.46
!!! Ran Brake Warning- SAFE !!!,2295638.295,7362.61,-39.54824039,464.3903621,5528.14,3668.644982,8071.56,529.7680678,3943.421585,23.80887039,-74.29,4.12,152.97,1.46
!!! Ran Brake Warning- SAFE !!!,2295638.855,7362.11,-39.77120738,464.443537,5529.16,3669.188913,8039.4,534.9667715,3942.338754,23.81139775,-74.52,4.13,153.93,1.46
!!! Ran Brake Warning- SAFE !!!,2295639.415,7323.6,-39.9904576,464.4915458,5530.59,3669.674874,8005.58,540.1527813,3946.608212,23.81401038,-74.75,4.14,154.89,1.46
!!! Ran Brake Warning- SAFE !!!,2295639.975,7277.22,-40.21063711,464.541902,5531.79,3670.158713,7954.33,545.3296261,3963.032175,23.81650574,-74.98,4.15,155.85,1.46
!!! Ran Brake Warning- SAFE !!!,2295640.535,7246.86,-40.43141551,464.58994,5532.97,3670.65485,7889.63,550.5104087,3995.310328,23.8190383,-75.21,4.17,156.82,1.46
!!! Ran Brake Warning- SAFE !!!,2295641.095,7242.14,-40.65174558,464.6388253,5534.13,3671.141919,7837.91,555.68874,4008.097389,23.82149443,-75.44,4.18,157.79,1.46
!!! Ran Brake Warning- SAFE !!!,2295641.655,7210.54,-40.87232561,464.6935416,5535.36,3671.657484,7814.53,560.6735326,3999.492118,23.82447869,-75.68,4.19,158.76,1.46
!!! Ran Brake Warning- SAFE !!!,2295642.195,7177.23,-41.09349534,464.7530081,5536.78,3672.293196,7765.01,565.8946652,4019.470611,23.8274303,-75.91,4.21,159.71,1.46
!!! Ran Brake Warning- SAFE !!!,2295642.755,7153.15,-41.31495971,464.8118913,5538.18,3672.868353,7699.42,571.1095517,4047.015314,23.83055267,-76.14,4.22,160.7,1.46
!!! Ran Brake Warning- SAFE !!!,2295643.315,7144.97,-41.52665942,464.8588827,5539.37,3673.335654,7666.77,576.2393586,4042.038449,23.83307708,-76.37,4.23,161.68,1.46
!!! Ran Brake Warning- SAFE !!!,2295643.875,7120.26,-41.74633042,464.9086988,5540.59,3673.8847,7648.42,581.4093693,4032.091092,23.83553024,-76.6,4.24,162.66,1.46
!!! Ran Brake Warning- SAFE !!!,2295644.435,7104.89,-41.965956,464.9607997,5541.77,3674.384964,7618.59,586.5746959,4029.856818,23.83823639,-76.83,4.26,163.65,1.46
!!! Ran Brake Warning- SAFE !!!,2295644.995,7116.56,-42.18538345,465.0043263,5542.77,3674.766434,7584.96,591.6903265,4029.847947,23.84013344,-77.06,4.27,164.63,1.46
!!! Ran Brake Warning- SAFE !!!,2295645.555,7129.24,-42.4054633,465.0517327,5543.82,3675.210315,7549.7,596.9021081,4032.51024,23.8428272,-77.29,4.28,165.63,1.46
!!! Ran Brake Warning- SAFE !!!,2295646.115,7119.75,-42.62536105,465.1062927,5545.13,3675.756872,7508.45,602.0715743,4040.051303,23.8456138,-77.52,4.3,166.63,1.46
!!! Ran Brake Warning- SAFE !!!,2295646.675,7111.48,-42.8469501,465.1639941,5546.62,3676.384466,7491.87,607.2634242,4022.427448,23.84847832,-77.75,4.31,167.63,1.46
!!! Ran Brake Warning- SAFE !!!,2295647.235,7100.36,-43.0655072,465.216623,5547.89,3676.916699,7471.14,612.2393197,4012.114198,23.85138772,-77.99,4.32,168.61,1.46
!!! Ran Brake Warning- SAFE !!!,2295647.775,7108.25,-43.28744776,465.2750485,5549.23,3677.506232,7452.64,617.4290521,3998.013075,23.85420044,-78.21,4.34,169.61,1.46
!!! Ran Brake Warning- SAFE !!!,2295648.335,7118.02,-43.5076672,465.3287733,5550.51,3678.029458,7432.55,622.6469211,3987.561178,23.85708415,-78.44,4.35,170.63,1.46
!!! Ran Brake Warning- SAFE !!!,2295648.895,7120.43,-43.72075758,465.3830518,5551.89,3678.588772,7412.12,627.7769384,3977.068623,23.85978598,-78.68,4.36,171.64,1.46
!!! Ran Brake Warning- SAFE !!!,2295649.455,7101.76,-43.94197092,465.4458154,5553.29,3679.202211,7356.82,633.0286876,3997.352999,23.86281776,-78.91,4.37,172.67,1.46
!!! Ran Brake Warning- SAFE !!!,2295650.015,7070.04,-44.16137748,465.4985728,5554.61,3679.747559,7285.89,638.2094289,4027.349044,23.86552486,-79.14,4.39,173.67,1.46
!!! Ran Brake Warning- SAFE !!!,2295650.575,7047.78,-44.38082516,465.5512792,5555.92,3680.280564,7244.81,643.3646778,4030.962731,23.86825857,-79.37,4.4,174.71,1.46
!!! Ran Brake Warning- SAFE !!!,2295651.135,7010.76,-44.60306425,465.6106156,5557.24,3680.834734,7207.18,648.6042502,4037.293256,23.87105018,-79.61,4.41,175.73,1.46
!!! Ran Brake Warning- SAFE !!!,2295651.695,6985.05,-44.82246983,465.6617765,5558.57,3681.390257,7163.18,653.7886384,4043.574458,23.87418566,-79.84,4.43,176.78,1.46
!!! Ran Brake Warning- SAFE !!!,2295652.255,6942.49,-45.04283192,465.7203752,5559.91,3681.951723,7110.24,658.9706492,4062.926044,23.87711852,-80.07,4.44,177.81,1.46
!!! Ran Brake Warning- SAFE !!!,2295652.815,6898,-45.26320187,465.7770966,5561.21,3682.525603,7030.78,663.973535,4103.280241,23.88006178,-80.31,4.45,178.82,1.46
!!! Ran Brake Warning- SAFE !!!,2295653.355,6834.38,-45.48285991,465.8325082,5562.53,3683.067982,6971.1,669.1435321,4121.516477,23.88270141,-80.53,4.46,179.85,1.47
!!! Ran Brake Warning- SAFE !!!,2295653.915,6798.49,-45.69438248,465.8867358,5563.87,3683.629025,6916.89,674.3077485,4137.54087,23.88567271,-80.76,4.48,180.9,1.47
!!! Ran Brake Warning- SAFE !!!,2295654.475,6782.36,-45.91452651,465.9437002,5565.25,3684.205907,6853.96,679.4978476,4162.912395,23.88866361,-81,4.49,181.95,1.47
!!! Ran Brake Warning- SAFE !!!,2295655.035,6737.41,-46.13437607,466.0010502,5566.61,3684.780789,6787.58,684.6880678,4187.83395,23.89153277,-81.23,4.5,183,1.47
!!! Ran Brake Warning- SAFE !!!,2295655.595,6700.74,-46.35569746,466.0622439,5568.1,3685.379413,6726.86,689.9120604,4210.800305,23.8946917,-81.46,4.52,184.06,1.47
!!! Ran Brake Warning- SAFE !!!,2295656.155,6687.06,-46.57593687,466.1206969,5569.48,3685.956517,6633.24,695.0986779,4263.399924,23.89763497,-81.7,4.53,185.11,1.47
!!! Ran Brake Warning- SAFE !!!,2295656.715,6667.32,-46.79607548,466.181229,5570.82,3686.517116,6534.21,700.330863,4319.081374,23.90090559,-81.93,4.54,186.18,1.47
!!! Ran Brake Warning- SAFE !!!,2295657.275,6640.35,-47.0172123,466.2432877,5572.51,3687.225062,6462.82,705.5276112,4329.888936,23.90447312,-82.17,4.56,187.25,1.47
!!! Ran Brake Warning- SAFE !!!,2295657.835,6619.08,-47.23640051,466.3111815,5573.98,3687.842713,6463.5,710.5440986,4317.118299,23.90739313,-82.4,4.57,188.29,1.47
!!! Ran Brake Warning- SAFE !!!,2295658.375,6586.79,-47.45801398,466.3738541,5575.47,3688.485936,6370.13,715.7417023,4364.239078,23.91044268,-82.62,4.58,189.36,1.47
!!! Ran Brake Warning- SAFE !!!,2295658.935,6551.89,-47.67833609,466.4391145,5577.03,3689.134009,6525.63,720.9043148,4180.598643,23.91383734,-82.86,4.59,190.43,1.47
!!! Ran Brake Warning- SAFE !!!,2295659.495,6545.65,-47.88975969,466.4901348,5578.4,3689.685542,6573.62,726.114146,4117.148549,23.91673311,-83.09,4.61,191.51,1.47
!!! Ran Brake Warning- SAFE !!!,2295660.055,6518.53,-48.10945788,466.5558872,5579.91,3690.279792,6578.15,731.3057621,4084.371768,23.92009871,-83.33,4.62,192.59,1.47
!!! Ran Brake Warning- SAFE !!!,2295660.615,6507.56,-48.33090712,466.6206806,5581.39,3690.916946,6529.12,736.5060924,4099.411672,23.92332625,-83.56,4.63,193.68,1.47
!!! Ran Brake Warning- SAFE !!!,2295661.175,6501.33,-48.54955558,466.6810742,5582.59,3691.443355,6461.07,741.6890114,4116.335674,23.92632943,-83.79,4.65,194.76,1.47
!!! Ran Brake Warning- SAFE !!!,2295661.735,6463.37,-48.7696039,466.7429815,5584.33,3692.168986,6500.02,746.9039364,4050.504302,23.92942052,-84.03,4.66,195.86,1.47
!!! Ran Brake Warning- SAFE !!!,2295662.295,6412.48,-48.99039496,466.8100392,5585.63,3692.711959,6526.3,752.0829741,3998.174914,23.93282353,-84.26,4.67,196.96,1.47
!!! Ran Brake Warning- SAFE !!!,2295662.855,6363.33,-49.20854165,466.8682905,5587.36,3693.433535,6521.8,757.2535242,3970.545027,23.93609552,-84.49,4.69,198.05,1.47
!!! Ran Brake Warning- SAFE !!!,2295663.415,6329.37,-49.42799439,466.9327824,5588.88,3694.070546,6511.78,762.3115423,3947.343195,23.93882204,-84.73,4.7,199.12,1.47
!!! Ran Brake Warning- SAFE !!!,2295663.955,6293.69,-49.64771797,466.9871132,5590.14,3694.626203,6493.59,767.4507415,3928.095132,23.94252475,-84.95,4.71,200.21,1.47
!!! Ran Brake Warning- SAFE !!!,2295664.515,6257.13,-49.86133293,467.0580145,5591.84,3695.185295,6489.72,772.729627,3902.464344,23.94551502,-85.19,4.72,201.33,1.47
!!! Ran Brake Warning- SAFE !!!,2295665.075,6198.34,-50.08075231,467.1164604,5593.29,3695.93557,6439.64,777.8982947,3915.019975,23.94879412,-85.42,4.74,202.44,1.47
!!! Ran Brake Warning- SAFE !!!,2295665.635,6139.81,-50.30080212,467.1800909,5594.81,3696.565675,6401.33,783.0932908,3913.203825,23.95198563,-85.65,4.75,203.56,1.47
!!! Ran Brake Warning- SAFE !!!,2295666.195,6096.72,-50.52055342,467.2457148,5596.39,3697.206303,6334.36,788.3016311,3939.304059,23.95540836,-85.89,4.76,204.67,1.47
!!! Ran Brake Warning- SAFE !!!,2295666.755,6058,-50.73975659,467.3078049,5597.88,3697.828613,6253.45,793.4825052,3977.213683,23.95856232,-86.12,4.78,205.79,1.47
!!! Ran Brake Warning- SAFE !!!,2295667.315,5993.49,-50.95908785,467.370432,5599.38,3698.453776,6150.28,798.6524835,4037.976031,23.96184748,-86.36,4.79,206.91,1.47
!!! Ran Brake Warning- SAFE !!!,2295667.875,5942.83,-51.17810639,467.4353539,5600.93,3699.10176,6045.36,803.8577515,4093.169115,23.9650385,-86.59,4.8,208.04,1.48
!!! Ran Brake Warning- SAFE !!!,2295668.435,5891.24,-51.39887115,467.5038992,5602.57,3699.78376,5940.37,808.8890392,4153.981909,23.9685999,-86.82,4.82,209.17,1.48
!!! Ran Brake Warning- SAFE !!!,2295668.975,5810.88,-51.61853761,467.5703252,5604.11,3700.45298,5819.23,814.1023337,4228.843667,23.97197584,-87.05,4.83,210.27,1.48
!!! Ran Brake Warning- SAFE !!!,2295669.535,5739.72,-51.83855541,467.6383392,5605.74,3701.120039,5555.35,819.3337847,4421.295362,23.97551698,-87.29,4.84,211.41,1.48
!!! Ran Brake Warning- SAFE !!!,2295670.095,5627.46,-52.05001906,467.7027119,5607.25,3701.747997,5552.28,824.5161874,4373.92437,23.97859415,-87.52,4.85,212.56,1.48
!!! Ran Brake Warning- SAFE !!!,2295670.655,5612.69,-52.26879084,467.7645346,5608.8,3702.422699,5564.18,829.6823781,4330.699531,23.98212607,-87.75,4.87,213.69,1.48
!!! Ran Brake Warning- SAFE !!!,2295671.215,5597.49,-52.48589802,467.8256281,5610.29,3703.087584,5595.02,834.847538,4270.160426,23.98534924,-87.99,4.88,214.83,1.48
!!! Ran Brake Warning- SAFE !!!,2295671.775,5729.87,-52.70495432,467.8972753,5611.97,3703.706125,5624.28,840.0627555,4210.913184,23.98881188,-88.22,4.89,215.98,1.48
!!! Ran Brake Warning- SAFE !!!,2295672.335,5748.62,-52.92455823,467.9614246,5613.66,3704.408675,5620.99,845.2852486,4183.617346,23.99241721,-88.46,4.91,217.14,1.48
!!! Ran Brake Warning- SAFE !!!,2295672.895,5749.68,-53.14357851,468.0299993,5615.38,3705.125741,5599.42,850.4670784,4164.931501,23.99582429,-88.69,4.92,218.29,1.48
!!! Ran Brake Warning- SAFE !!!,2295673.455,5702.36,-53.36612319,468.1047936,5616.96,3705.784607,5589.63,855.7125423,4138.092437,23.99910531,-88.92,4.93,219.46,1.48
!!! Ran Brake Warning- SAFE !!!,2295674.015,5736.22,-53.58319437,468.169841,5618.51,3706.42958,5574.32,860.7274759,4115.168808,24.00314241,-89.16,4.95,220.59,1.48
!!! Ran Brake Warning- SAFE !!!,2295674.555,5767.93,-53.80403118,468.2426504,5620.24,3707.143595,5574.44,865.9313806,4079.3741,24.00651959,-89.39,4.96,221.76,1.48
!!! Ran Brake Warning- SAFE !!!,2295675.115,5775.5,-54.0148361,468.3098006,5621.85,3707.847547,5543.04,871.1382967,4075.442953,24.0100947,-89.62,4.97,222.93,1.48
!!! Ran Brake Warning- SAFE !!!,2295675.675,5774.61,-54.23533501,468.3778626,5623.53,3708.537406,5517.59,876.3696864,4061.93775,24.01370374,-89.86,4.99,224.11,1.48
!!! Ran Brake Warning- SAFE !!!,2295676.235,5747.74,-54.45518375,468.4539404,5625.24,3709.267686,5488.3,881.5665533,4051.138891,24.01713983,-90.09,5,225.28,1.48
!!! Ran Brake Warning- SAFE !!!,2295676.795,5738.53,-54.67606037,468.52592,5626.83,3710.021765,5459.34,886.7902756,4040.817976,24.02080731,-90.33,5.01,226.47,1.48
!!! Ran Brake Warning- SAFE !!!,2295677.355,5733.81,-54.89424139,468.5951629,5628.83,3710.728271,5424.43,892.0602915,4035.810175,24.02472985,-90.56,5.03,227.66,1.48
!!! Ran Brake Warning- SAFE !!!,2295677.915,5700.12,-55.11377438,468.6666453,5630.48,3711.416166,5385.91,897.2551446,4034.148326,24.02831417,-90.8,5.04,228.85,1.48
!!! Ran Brake Warning- SAFE !!!,2295678.475,5659.33,-55.33359222,468.7426288,5632.32,3712.180224,5362.07,902.4849301,4015.379258,24.03215354,-91.04,5.05,230.05,1.48
!!! Ran Brake Warning- SAFE !!!,2295679.035,5599.35,-55.55302457,468.8147504,5634.04,3712.8967,5326.12,907.5137668,4015.264244,24.03592977,-91.27,5.06,231.25,1.48
!!! Ran Brake Warning- SAFE !!!,2295679.575,5523.01,-55.77216255,468.8869349,5635.72,3713.619111,5273.51,912.743828,4020.821239,24.03962716,-91.5,5.08,232.41,1.48
!!! Ran Brake Warning- SAFE !!!,2295680.135,5433.41,-55.99215032,468.9616785,5637.51,3714.367719,5254.46,917.9663277,4002.346878,24.04347642,-91.73,5.09,233.61,1.48
!!! Ran Brake Warning- SAFE !!!,2295680.695,5354.16,-56.20367702,469.0321432,5639.27,3715.099795,5201.69,923.2107828,4015.016827,24.04713022,-91.97,5.1,234.82,1.48
!!! Ran Brake Warning- SAFE !!!,2295681.255,5258.13,-56.423224,469.1090399,5641.06,3715.843147,5140.05,928.4192484,4031.188301,24.05091107,-92.21,5.12,236.03,1.49
!!! Ran Brake Warning- SAFE !!!,2295681.815,5114.33,-56.64160526,469.1766085,5642.75,3716.545838,5066.6,933.6341895,4058.120732,24.05453766,-92.44,5.13,237.25,1.49
!!! Ran Brake Warning- SAFE !!!,2295682.375,4949.05,-56.86179268,469.2556074,5644.68,3717.321949,4996.85,938.8721596,4080.134483,24.05857227,-92.68,5.14,238.46,1.49
!!! Ran Brake Warning- SAFE !!!,2295682.935,4962.47,-57.08079211,469.3301507,5646.44,3718.050879,4962,944.0904131,4075.233279,24.06236078,-92.91,5.16,239.68,1.49
!!! Ran Brake Warning- SAFE !!!,2295683.495,4983.19,-57.30012427,469.4037643,5648.26,3718.809071,4899.99,949.3023672,4092.274008,24.06632217,-93.15,5.17,240.91,1.49
!!! Ran Brake Warning- SAFE !!!,2295684.055,5009.55,-57.51993985,469.483632,5650.14,3719.590344,4835.8,954.5430813,4111.665836,24.0702838,-93.39,5.18,242.13,1.49
!!! Ran Brake Warning- SAFE !!!,2295684.615,5042.97,-57.7373781,469.5466836,5651.63,3720.210962,4790.17,959.5323624,4109.544498,24.07366052,-93.62,5.2,243.31,1.49
!!! Ran Brake Warning- SAFE !!!,2295685.155,5031.01,-57.95656986,469.6254256,5653.48,3720.994568,4777.93,964.7559132,4078.765733,24.07743078,-93.85,5.21,244.54,1.49
!!! Ran Brake Warning- SAFE !!!,2295685.715,5012.35,-58.17337627,469.6854652,5654.93,3721.606477,4795.46,969.9259308,4026.682141,24.08047979,-94.08,5.22,245.77,1.49
!!! Ran Brake Warning- SAFE !!!,2295686.275,5008.38,-58.38472554,469.7576898,5656.73,3722.360752,4791.11,975.1588687,3995.354532,24.08435558,-94.32,5.24,247.01,1.49
!!! Ran Brake Warning- SAFE !!!,2295686.835,4999.99,-58.60622169,469.8331514,5658.48,3723.094737,4778.46,980.3720927,3969.20781,24.08850476,-94.55,5.25,248.26,1.49
!!! Ran Brake Warning- SAFE !!!,2295687.395,4984.08,-58.82046733,469.9097573,5660.19,3723.858597,4770.92,985.6257214,3936.300217,24.09161874,-94.79,5.26,249.5,1.49
!!! Ran Brake Warning- SAFE !!!,2295687.955,4955.27,-59.04116245,469.9886461,5662.33,3724.653642,4769.63,990.8705844,3899.481514,24.09632342,-95.02,5.28,250.75,1.49
!!! Ran Brake Warning- SAFE !!!,2295688.515,4932.27,-59.25945181,470.0615472,5663.98,3725.337048,4758.78,996.0481881,3873.0444,24.09969807,-95.26,5.29,252,1.49
!!! Ran Brake Warning- SAFE !!!,2295689.075,4911.33,-59.47912409,470.1372156,5665.94,3726.150992,4724.53,1001.28117,3861.513984,24.10377401,-95.5,5.3,253.25,1.49
!!! Ran Brake Warning- SAFE !!!,2295689.635,4884.42,-59.69739831,470.2148493,5667.72,3726.889758,4724.46,1006.324508,3824.159516,24.10768412,-95.73,5.31,254.51,1.49
!!! Ran Brake Warning- SAFE !!!,2295690.175,4855.16,-59.91589039,470.2912402,5669.53,3727.63825,4685.92,1011.556119,3821.103157,24.11145817,-95.97,5.33,255.74,1.49
!!! Ran Brake Warning- SAFE !!!,2295690.735,4832.8,-60.13464521,470.3667967,5671.35,3728.420515,4661.36,1016.780158,3801.715557,24.11560211,-96.2,5.34,257,1.49
!!! Ran Brake Warning- SAFE !!!,2295691.295,4828,-60.34523438,470.4390488,5673.16,3729.169053,4651.88,1022.006774,3773.980746,24.11943344,-96.43,5.35,258.27,1.49
!!! Ran Brake Warning- SAFE !!!,2295691.855,4780.21,-60.56387944,470.5162629,5675,3729.936553,4591.27,1027.222676,3789.245294,24.12323433,-96.67,5.37,259.55,1.49
!!! Ran Brake Warning- SAFE !!!,2295692.415,4754.77,-60.78281428,470.598367,5677.01,3730.758151,4530.43,1032.470313,3802.699983,24.12742715,-96.9,5.38,260.82,1.49
!!! Ran Brake Warning- SAFE !!!,2295692.975,4733.41,-61.0015643,470.6786691,5678.92,3731.533312,4460.21,1037.709194,3825.830797,24.1316053,-97.14,5.39,262.11,1.5
!!! Ran Brake Warning- SAFE !!!,2295693.535,4681.43,-61.22037445,470.7583775,5680.83,3732.32534,4448.75,1042.934908,3770.344854,24.13562024,-97.38,5.41,263.39,1.5
!!! Ran Brake Warning- SAFE !!!,2295694.095,4631.57,-61.43888224,470.8402192,5682.83,3733.15304,4662.7,1048.197329,3557.795719,24.13989626,-97.61,5.42,264.68,1.5
!!! Ran Brake Warning- SAFE !!!,2295694.655,4569.11,-61.6579728,470.9218908,5684.89,3734.005909,4744.14,1053.417655,3445.938725,24.14414938,-97.85,5.43,265.97,1.5
!!! Ran Brake Warning- SAFE !!!,2295695.215,4525.76,-61.87685421,471.0063658,5686.86,3734.820432,4892.44,1058.525326,3276.320843,24.14842565,-98.09,5.45,267.23,1.5
!!! Ran Brake Warning- SAFE !!!,2295695.755,4487.68,-62.09569515,471.0894033,5688.79,3735.5954,4963.23,1063.733899,3179.122457,24.15265635,-98.32,5.46,268.54,1.5
!!! Ran Brake Warning- SAFE !!!,2295696.315,4443.13,-62.31327061,471.1673335,5690.67,3736.487252,5001.22,1069.0163,3110.798618,24.15692832,-98.56,5.47,269.84,1.5
!!! Ran Brake Warning- SAFE !!!,2295696.875,4399.35,-62.5253351,471.2509998,5692.62,3737.305282,5004.96,1074.248884,3068.179058,24.16096648,-98.79,5.49,271.14,1.5
!!! Ran Brake Warning- SAFE !!!,2295697.435,4354.79,-62.74390562,471.3347457,5694.67,3738.084536,4958.41,1079.493666,3074.148948,24.16514872,-99.03,5.5,272.45,1.5
!!! Ran Brake Warning- SAFE !!!,2295697.995,4367.48,-62.96183554,471.4118792,5696.67,3738.957077,4887.26,1084.710984,3095.331853,24.16922269,-99.27,5.51,273.77,1.5
!!! Ran Brake Warning- SAFE !!!,2295698.555,4373.54,-63.18045617,471.5000982,5698.79,3739.759188,4801.9,1089.975711,3131.035741,24.17372733,-99.5,5.53,275.08,1.5
!!! Ran Brake Warning- SAFE !!!,2295699.115,4356.31,-63.39896856,471.5823317,5700.79,3740.58866,4662.54,1095.216367,3208.995655,24.17812368,-99.74,5.54,276.4,1.5
!!! Ran Brake Warning- SAFE !!!,2295699.675,4351.75,-63.61729962,471.6644923,5702.79,3741.41358,4600.33,1100.462323,3224.687643,24.18222585,-99.98,5.55,277.72,1.5
!!! Ran Brake Warning- SAFE !!!,2295700.235,4358.18,-63.83510898,471.7484797,5704.83,3742.256211,4514.98,1105.716649,3258.009114,24.18654321,-100.21,5.57,279.05,1.5
!!! Ran Brake Warning- SAFE !!!,2295700.775,4363.29,-64.05301287,471.8333037,5706.77,3743.065184,4443.15,1110.775447,3279.100785,24.19091647,-100.45,5.58,280.34,1.5
!!! Ran Brake Warning- SAFE !!!,2295701.335,4349,-64.27212132,471.9226252,5708.93,3743.95301,4360.94,1116.030001,3312.63573,24.19518896,-100.68,5.59,281.67,1.5
!!! Ran Brake Warning- SAFE !!!,2295701.895,4326.54,-64.48267084,472.0022195,5710.93,3744.808649,4249.99,1121.280501,3365.984304,24.19966998,-100.92,5.61,283.01,1.5
!!! Ran Brake Warning- SAFE !!!,2295702.455,4318.8,-64.70062106,472.0920329,5713.04,3745.699048,4157.38,1126.552067,3404.197861,24.20378674,-101.16,5.62,284.36,1.5
!!! Ran Brake Warning- SAFE !!!,2295703.015,4285.79,-64.9183188,472.1775873,5715.12,3746.532641,4037.47,1131.791271,3467.746362,24.20839344,-101.39,5.63,285.7,1.5
!!! Ran Brake Warning- SAFE !!!,2295703.575,4282.15,-65.13737825,472.2609128,5717.21,3747.371709,3910.53,1137.046613,3537.547106,24.2128666,-101.63,5.65,287.05,1.5
!!! Ran Brake Warning- SAFE !!!,2295704.135,4253.88,-65.35538084,472.3480105,5719.27,3748.223832,3748.11,1142.295316,3641.529571,24.21719623,-101.87,5.66,288.4,1.51
!!! Ran Brake Warning- SAFE !!!,2295704.695,4206.02,-65.57310767,472.4286964,5721.27,3749.051669,3536.11,1147.551449,3792.529619,24.22160848,-102.11,5.67,289.75,1.51
!!! Ran Brake Warning- SAFE !!!,2295705.255,4147.63,-65.79105887,472.514597,5723.4,3749.92825,3298.57,1152.795675,3940.225763,24.2259346,-102.34,5.69,291.11,1.51
!!! Ran Brake Warning- SAFE !!!,2295705.815,4096.96,-66.00948244,472.6052666,5725.54,3750.811167,3274.99,1157.877892,3915.644313,24.2303863,-102.58,5.7,292.42,1.51
!!! Ran Brake Warning- SAFE !!!,2295706.355,4279.05,-66.22730828,472.6916714,5727.55,3751.648589,3222.17,1163.113593,3925.302646,24.23489432,-102.81,5.71,293.79,1.51
!!! Ran Brake Warning- SAFE !!!,2295706.915,4363.51,-66.44512256,472.77624,5729.6,3752.519267,3122.96,1168.379529,3969.436465,24.23908561,-103.05,5.73,295.16,1.51
!!! Ran Brake Warning- SAFE !!!,2295707.475,4424.08,-66.65599875,472.861616,5731.77,3753.405366,3058.73,1173.619839,3980.157831,24.24364365,-103.29,5.74,296.53,1.51
!!! Ran Brake Warning- SAFE !!!,2295708.035,4546.07,-66.87318781,472.9520936,5734,3754.315017,3020.09,1178.893001,3969.533155,24.248001,-103.52,5.75,297.91,1.51
!!! Ran Brake Warning- SAFE !!!,2295708.595,4588.39,-67.09066727,473.0296759,5735.99,3755.187266,2975.31,1184.118743,3969.727007,24.25227027,-103.76,5.77,299.29,1.51
!!! Ran Brake Warning- SAFE !!!,2295709.155,4611.3,-67.30875196,473.1277569,5738.25,3756.053645,2899.19,1189.393317,3992.106488,24.25735687,-104,5.78,300.67,1.51
!!! Ran Brake Warning- SAFE !!!,2295709.715,4617.5,-67.52615896,473.2144614,5740.46,3756.966242,2818.07,1194.690393,4021.274529,24.26200657,-104.24,5.79,302.05,1.51
!!! Ran Brake Warning- SAFE !!!,2295710.275,4559.32,-67.74367123,473.3098062,5742.58,3757.840992,2751.08,1199.981526,4034.856338,24.26668047,-104.48,5.81,303.45,1.51
!!! Ran Brake Warning- SAFE !!!,2295710.835,4486.1,-67.96310841,473.4028219,5744.86,3758.780777,2698.95,1205.220028,4038.013213,24.27142249,-104.71,5.82,304.84,1.51
!!! Ran Brake Warning- SAFE !!!,2295711.395,4373.71,-68.17969509,473.4918097,5747.05,3759.682445,2612.87,1210.301589,4070.432134,24.27604851,-104.95,5.83,306.19,1.51
!!! Ran Brake Warning- SAFE !!!,2295711.935,4315.22,-68.39751467,473.5835376,5749.18,3760.605063,2541.25,1215.58044,4087.684595,24.28098989,-105.18,5.85,307.6,1.51
!!! Ran Brake Warning- SAFE !!!,2295712.495,4252.28,-68.60715599,473.6860245,5751.67,3761.530524,2458.22,1220.863453,4118.019183,24.28552617,-105.42,5.86,309,1.51
!!! Ran Brake Warning- SAFE !!!,2295713.055,4182.06,-68.82590361,473.7668138,5753.68,3762.455486,2369.86,1226.107914,4151.539471,24.29001804,-105.66,5.87,310.41,1.51
!!! Ran Brake Warning- SAFE !!!,2295713.615,4127.11,-69.04250013,473.848873,5756,3763.396278,2278.06,1231.396465,4187.729398,24.29484225,-105.9,5.89,311.82,1.51
!!! Ran Brake Warning- SAFE !!!,2295714.175,4059.82,-69.260721,473.9539389,5757.95,3764.170455,2184.05,1236.668433,4222.785332,24.29971908,-106.14,5.9,313.23,1.52
!!! Ran Brake Warning- SAFE !!!,2295714.735,3971.84,-69.4787794,474.0414164,5760.38,3765.171895,2122.68,1241.937759,4231.811812,24.30423631,-106.38,5.91,314.65,1.52
!!! Ran Brake Warning- SAFE !!!,2295715.295,3870.24,-69.69552337,474.1372422,5762.76,3766.149366,2065.7,1247.209162,4239.286282,24.30905264,-106.61,5.93,316.08,1.52
!!! Ran Brake Warning- SAFE !!!,2295715.855,3772.74,-69.91283517,474.2277118,5764.92,3767.039417,1978.42,1252.473823,4269.182559,24.31372042,-106.85,5.94,317.5,1.52
!!! Ran Brake Warning- SAFE !!!,2295716.415,3660.89,-70.13039175,474.3258906,5767.3,3768.017488,1915.77,1257.573353,4278.747982,24.31879175,-107.09,5.95,318.89,1.52
!!! Ran Brake Warning- SAFE !!!,2295716.955,3503.56,-70.3473332,474.4194887,5769.5,3768.953201,1844.33,1262.835446,4299.314382,24.32354096,-107.32,5.97,320.32,1.52
!!! Ran Brake Warning- SAFE !!!,2295717.515,3312.44,-70.56429272,474.5124748,5771.76,3769.858733,1779.63,1268.097098,4308.607003,24.3281669,-107.56,5.98,321.75,1.52
!!! Ran Brake Warning- SAFE !!!,2295718.075,3157.09,-70.77450343,474.6055674,5774.04,3770.815769,1726.81,1273.398654,4310.445002,24.33301163,-107.8,5.99,323.2,1.52
!!! Ran Brake Warning- SAFE !!!,2295718.635,3128.7,-70.99137529,474.6940517,5776.28,3771.749136,1661.22,1278.674877,4321.775714,24.33783412,-108.04,6.01,324.63,1.52
!!! Ran Brake Warning- SAFE !!!,2295719.195,3063.1,-71.20889036,474.7930789,5778.66,3772.716491,1584.37,1283.963337,4348.734366,24.34270127,-108.28,6.02,326.09,1.52
!!! Ran Brake Warning- SAFE !!!,2295719.755,2995.69,-71.42616919,474.892956,5781.1,3773.68921,1546.27,1289.260584,4328.450165,24.34812994,-108.52,6.03,327.54,1.52
!!! Ran Brake Warning- SAFE !!!,2295720.315,2942.87,-71.64307927,474.9839467,5783.45,3774.654021,1529.85,1294.530761,4299.552068,24.35252971,-108.76,6.05,329,1.52
!!! Ran Brake Warning- SAFE !!!,2295720.875,2901.34,-71.86039483,475.0859428,5785.84,3775.6326,1513.67,1299.829827,4246.400247,24.35765058,-108.99,6.06,330.45,1.52
!!! Ran Brake Warning- SAFE !!!,2295721.435,2855.11,-72.07755854,475.188887,5788.31,3776.646801,1670.22,1305.11602,4073.890557,24.36289801,-109.23,6.07,331.92,1.52
!!! Ran Brake Warning- SAFE !!!,2295721.995,2804.12,-72.29539738,475.2867941,5790.59,3777.583578,1736.73,1310.228875,3972.598504,24.36780953,-109.47,6.09,333.33,1.52
!!! Ran Brake Warning- SAFE !!!,2295722.535,2732.65,-72.51135679,475.3864139,5793.04,3778.624022,1786.97,1315.489355,3889.075234,24.37314827,-109.7,6.1,334.79,1.52
!!! Ran Brake Warning- SAFE !!!,2295723.095,2696.12,-72.71981376,475.4753798,5795.21,3779.508506,1774.19,1320.774995,3856.330815,24.37774024,-109.94,6.11,336.27,1.52
!!! Ran Brake Warning- SAFE !!!,2295723.655,2634.2,-72.93727734,475.5746259,5797.71,3780.544583,1752.48,1326.070134,3832.442901,24.38252457,-110.18,6.13,337.74,1.53
!!! Ran Brake Warning- SAFE !!!,2295724.215,2564.03,-73.15278599,475.6750834,5800.08,3781.564302,1656.45,1331.309029,3875.384059,24.38784659,-110.42,6.14,339.23,1.53
!!! Ran Brake Warning- SAFE !!!,2295724.775,2492.43,-73.36970627,475.7705751,5802.46,3782.529364,1499.95,1336.63283,3954.206546,24.39345778,-110.66,6.16,340.7,1.53
!!! Ran Brake Warning- SAFE !!!,2295725.335,2419.94,-73.58540745,475.8746589,5804.89,3783.447612,1497.72,1341.884626,3914.407042,24.39812345,-110.9,6.17,342.18,1.53
!!! Ran Brake Warning- SAFE !!!,2295725.895,2345.52,-73.8029413,475.9730556,5807.16,3784.379295,1450.82,1347.178207,3912.022909,24.40320715,-111.14,6.18,343.68,1.53
!!! Ran Brake Warning- SAFE !!!,2295726.455,2272.06,-74.01884713,476.0783664,5809.65,3785.401289,1382.93,1352.510864,3917.169968,24.4085423,-111.38,6.2,345.16,1.53
!!! Ran Brake Warning- SAFE !!!,2295727.015,2201.2,-74.23582918,476.176165,5812.41,3786.52872,1372.51,1357.592372,3882.499919,24.41418904,-111.62,6.21,346.67,1.53
!!! Ran Brake Warning- SAFE !!!,2295727.555,2150.18,-74.45109948,476.2753276,5814.72,3787.510428,1320.68,1362.837934,3883.899279,24.41851144,-111.85,6.22,348.1,1.53
!!! Ran Brake Warning- SAFE !!!,2295728.115,2089.59,-74.66894974,476.3742806,5817.14,3788.498829,1279.55,1368.173528,3873.665411,24.42381583,-112.09,6.24,349.62,1.53
!!! Ran Brake Warning- SAFE !!!,2295728.675,2039.02,-74.87688745,476.469773,5819.56,3789.496875,1234.1,1373.441982,3863.847557,24.42872594,-112.33,6.25,351.12,1.53
!!! Ran Brake Warning- SAFE !!!,2295729.235,1996.29,-75.0932883,476.5700098,5822.01,3790.496528,1189.05,1378.747271,3856.867657,24.43389395,-112.56,6.26,352.63,1.53
!!! Ran Brake Warning- SAFE !!!,2295729.795,1949.05,-75.31039559,476.6703384,5824.44,3791.470964,1117.74,1384.045678,3873.0871,24.43887622,-112.81,6.28,354.15,1.53
!!! Ran Brake Warning- SAFE !!!,2295730.355,1886.01,-75.52623126,476.7674002,5826.85,3792.442849,1034.87,1389.342332,3897.673975,24.44389985,-113.04,6.29,355.66,1.53
!!! Ran Brake Warning- SAFE !!!,2295730.915,1836.23,-75.74316448,476.8711195,5829.35,3793.462796,948.75,1394.624122,3927.159951,24.44940468,-113.28,6.3,357.18,1.53
!!! Ran Brake Warning- SAFE !!!,2295731.475,1783.21,-75.95881001,476.971937,5831.84,3794.483978,830.26,1399.92275,3989.083736,24.45453811,-113.52,6.32,358.71,1.53
!!! Ran Brake Warning- SAFE !!!,2295732.035,1683.16,-76.17534611,477.0671535,5834.13,3795.4173,663.22,1405.217494,4093.767425,24.4595708,-113.76,6.33,360.24,1.53
!!! Ran Brake Warning- SAFE !!!,2295732.595,1688.81,-76.39172831,477.1705017,5836.57,3796.417492,416.89,1410.330633,4235.906872,24.46479665,-114,6.34,361.72,1.53
!!! Ran Brake Warning- SAFE !!!,2295733.135,1661.09,-76.60823809,477.2776221,5839.22,3797.462619,446.24,1415.641855,4161.04844,24.47009714,-114.23,6.36,363.26,1.54
!!! Ran Brake Warning- SAFE !!!,2295733.695,1764.05,-76.82207047,477.3777477,5841.67,3798.540582,386.82,1420.912088,4179.747606,24.47536459,-114.48,6.37,364.79,1.54
!!! Ran Brake Warning- Impact !!!,2295734.255,1843.27,-77.03160169,477.4753234,5844.16,3799.56997,371.1,1426.242156,4109.824727,24.48069117,-114.71,6.38,366.34,1.54
!!! Ran Brake Warning- SAFE !!!,2295734.615,1881.45,-77.17101931,477.5483145,5845.92,3800.239221,494.64,1429.841216,3991.640259,24.4838349,-114.87,6.39,367.32,1.54
!!! Ran Brake Warning- SAFE !!!,2295735.195,1903.21,-77.83175426,476.5695731,5809.14,3782.524486,519.19,1456.247634,3911.815534,24.24844621,-116.36,6.47,377.55,1.54
!!! Ran Brake Warning- SAFE !!!,2295735.815,1899.27,-80.78783412,464.929401,5508.61,3666.079638,422.75,1482.890077,3920.077429,23.57870319,-117.25,6.49,380.02,1.54
!!! Ran Brake Warning- SAFE !!!,2295736.415,1861.92,-80.99257413,453.2916538,5217.97,3542.246935,381.76,1451.632697,3930.464131,22.88555763,-116.01,6.4,369.85,1.54
!!! Ran Brake Warning- SAFE !!!,2295737.035,1768.71,-80.11381243,441.2636162,4927.03,3422.521884,375.93,1397.544156,3939.775563,22.21462488,-113.98,6.26,355.22,1.54
!!! Ran Brake Warning- SAFE !!!,2295737.635,1676.45,-78.77423254,429.6378036,4654.38,3298.872398,377.82,1336.75649,3949.219168,21.53181621,-111.47,6.1,338.34,1.54
!!! Ran Brake Warning- SAFE !!!,2295738.235,1657.7,-77.17632981,417.6103303,4381.35,3178.907455,388.81,1271.368904,3958.187661,20.87125877,-108.88,5.93,321.51,1.54
!!! Ran Brake Warning- SAFE !!!,2295738.855,1611.15,-75.54196146,405.9375388,4125.55,3054.830669,397.11,1208.313383,3966.851008,20.19198441,-106.18,5.77,304.37,1.54
!!! Ran Brake Warning- SAFE !!!,2295739.455,1561.22,-73.81335781,393.8478315,3877.24,2934.346172,410.5,1144.860708,3974.774546,19.53639937,-103.47,5.59,288.05,1.54
!!! Ran Brake Warning- SAFE !!!,2295740.075,1552.89,-72.12558649,382.1084929,3628.9,2809.437799,419.75,1083.278665,3982.488427,18.86157956,-100.73,5.43,271.72,1.54
!!! Ran Brake Warning- SAFE !!!,2295740.675,1517.13,-70.37337356,369.9321529,3396.34,2687.944808,433.95,1022.973187,3988.705757,18.21030138,-98,5.26,256.36,1.54
!!! Ran Brake Warning- SAFE !!!,2295741.295,1481.14,-68.67499113,358.1069296,3164.1,2566.106252,443.07,964.6376056,3995.239144,17.53949059,-95.26,5.09,241.08,1.54
!!! Ran Brake Warning- SAFE !!!,2295741.895,1448.61,-66.97833074,345.8386622,2947.09,2439.704698,454.99,907.8115761,4001.506593,16.89233104,-92.54,4.93,226.74,1.55
!!! Ran Brake Warning- SAFE !!!,2295742.515,1409.86,-65.22087567,333.921759,2730.89,2316.908313,464.26,852.7135189,4004.296439,16.22569248,-89.79,4.76,212.61,1.55
!!! Ran Brake Warning- SAFE !!!,2295743.115,1372.52,-63.51561322,321.9650436,2529.52,2189.554617,475.19,799.1512919,4013.502426,15.58275756,-87.07,4.6,199.11,1.55
!!! Ran Brake Warning- SAFE !!!,2295743.735,1321.61,-61.74565247,309.5614765,2329.5,2065.845311,487.76,747.2579534,4015.843191,14.9205395,-84.37,4.44,185.92,1.55
!!! Ran Brake Warning- SAFE !!!,2295744.335,1271.31,-60.0240358,297.5164544,2143.78,1937.531916,494.56,696.8553905,4024.05061,14.28179666,-81.58,4.28,173.34,1.55
!!! Ran Brake Warning- SAFE !!!,2295744.955,1211.22,-58.23120953,285.0244051,1959.98,1812.924088,506.46,648.0524793,4028.832479,13.62427274,-78.86,4.12,161.06,1.55
!!! Ran Brake Warning- SAFE !!!,2295745.555,1164.03,-56.4828483,272.8954049,1790.02,1683.70246,513.05,601.5204764,4033.493781,12.99026191,-76.04,3.95,149.35,1.55
!!! Ran Brake Warning- SAFE !!!,2295746.175,1113.08,-54.65825903,260.3172479,1622.43,1558.180219,522.39,554.986057,4038.043809,12.35679145,-73.3,3.79,138.16,1.55
!!! Ran Brake Warning- SAFE !!!,2295746.775,1045.08,-52.86750644,248.1026394,1468.22,1428.042466,529.5,511.3920369,4042.30363,11.707907,-70.44,3.63,127.05,1.55
!!! Ran Brake Warning- SAFE !!!,2295747.395,966.66,-50.99370287,235.4436756,1316.87,1301.62687,539.68,467.8952698,4046.050911,11.07946328,-67.65,3.47,116.66,1.55
!!! Ran Brake Warning- SAFE !!!,2295747.995,868.3,-49.14959449,223.1471065,1178.37,1170.591254,546.96,427.2556728,4049.529937,10.43532042,-64.74,3.32,106.37,1.55
!!! Ran Brake Warning- SAFE !!!,2295748.595,734.52,-47.20899704,210.400134,1043.49,1043.322219,556.98,387.4114252,4052.564366,9.813223583,-61.89,3.15,96.77,1.55
!!! Ran Brake Warning- SAFE !!!,2295749.215,665.63,-45.29267672,198.0277068,920.59,911.3884297,564.44,349.1077845,4055.36115,9.172845923,-58.94,2.99,87.28,1.55
!!! Ran Brake Warning- SAFE !!!,2295749.815,675.36,-43.26956125,185.2022384,805.59,783.2698202,574.44,312.3554656,4057.654013,8.555560066,-55.99,2.83,78.44,1.55
!!! Ran Brake Warning- SAFE !!!,2295750.435,676.32,-41.26266715,172.74304,694.81,654.7550212,582.04,277.191793,4059.668031,7.92051903,-52.94,2.67,69.74,1.55
!!! Ran Brake Warning- SAFE !!!,2295751.035,666.34,-39.13227366,159.8425754,595.53,521.6337618,591.23,243.6171333,4061.387889,7.308776251,-49.89,2.5,61.68,1.55
!!! Ran Brake Warning- SAFE !!!,2295751.655,639.69,-37.00741402,147.3150984,501.03,392.2544797,599.48,211.7431223,4060.973754,6.679733324,-46.73,2.33,53.76,1.55
!!! Ran Brake Warning- SAFE !!!,2295752.255,603.59,-34.81702388,134.7530944,417.44,258.263833,608.46,181.5958175,4063.898589,6.073745178,-43.55,2.16,46.51,1.55
!!! Ran Brake Warning- SAFE !!!,2295752.875,568.24,-32.47267919,121.7443243,339.16,128.2345653,616.5,153.2125035,4063.321161,5.450534577,-40.32,1.99,39.48,1.55
!!! Ran Brake Warning- SAFE !!!,2295753.475,538.08,-30.1131938,109.1346081,271.25,6.443749198,624.95,126.7496965,4065.385954,4.850948108,-36.89,1.82,32.98,1.55
!!! Ran Brake Warning- SAFE !!!,2295754.095,512.6,-27.57500893,96.06614518,209.15,137.0147404,633.75,102.2563705,4065.836605,4.234453404,-33.48,1.64,26.83,1.55
!!! Ran Brake Warning- SAFE !!!,2295754.695,514.26,-24.99698268,83.40076794,156.81,272.2889166,640.22,80.22431658,4066.129961,3.641671817,-29.83,1.46,21.25,1.55
!!! Ran Brake Warning- SAFE !!!,2295755.315,538.78,-22.19527994,70.29442591,110.76,403.2718902,648.31,59.75601238,4066.256969,3.052306024,-26.16,1.27,16.09,1.55
!!! Ran Brake Warning- SAFE !!!,2295755.915,557.77,-19.32634495,57.61456917,73.89,538.8117468,653.42,42.31986978,4066.255293,2.44848526,-22.21,1.07,11.55,1.55
!!! Ran Brake Warning- SAFE !!!,2295756.535,571.08,-16.15641285,44.5011652,43.74,669.8948592,659.18,26.97160054,4066.170954,1.868455096,-18.18,0.87,7.62,1.56
!!! Ran Brake Warning- SAFE !!!,2295757.135,578.41,-12.84319999,31.85297751,22.15,805.1717438,663.43,14.96047793,4066.020638,1.275820955,-13.74,0.66,4.25,1.56
!!! Ran Brake Warning- SAFE !!!,2295757.735,582.56,-9.072169776,18.83080484,7.57,935.4258399,667.21,5.861078538,4065.864292,0.709931213,-9.1,0.43,1.78,1.56
!!! Ran Brake Warning- SAFE !!!,2295758.355,582.66,-4.932986492,6.367720877,0.79,1068.66402,669.04,0.773866821,4065.784771,0.137058954,-3.78,0.18,0.24,1.56
!!! Ran Brake Warning- SAFE !!!,2295758.975,581.41,-0.12178648,5.513385123,0.72,1071.241026,668.98,0.208477784,4066.207645,0.30617357,0.47,0.03,0.06,1.56
!!! Ran Brake Warning- SAFE !!!,2295759.575,580.78,7.609205002,11.69772124,3.08,1012.936839,662.2,5.599285333,4071.303923,0.538499096,10.41,0.51,9.14,1.56
!!! Ran Brake Warning- SAFE !!!,2295760.195,582.88,17.28886604,8.562119993,1.54,1052.866484,662.5,5.999450054,4075.582622,0.333624172,16.34,0.76,17.91,1.56
!!! Ran Brake Warning- SAFE !!!,2295760.795,589.12,10.28171248,9.211423243,1.9,1047.352532,672.15,3.390280299,4075.949992,0.428260288,5.74,0.25,1.55,1.56
!!! Ran Brake Warning- SAFE !!!,2295761.415,592.93,-3.484232367,8.983110051,1.71,1057.340283,680.79,1.894374279,4071.998267,0.331194311,-7.28,0.36,1.76,1.56
!!! Ran Brake Warning- SAFE !!!,2295762.015,591.3,-11.66923416,3.250873371,0.23,1117.311644,677.84,1.634953475,4070.865092,0.144170726,-11.75,0.55,3.14,1.56
!!! Ran Brake Warning- SAFE !!!,2295762.635,586.53,-9.47075248,3.775161167,0.31,1113.965406,672.37,1.377899269,4070.760314,0.15657964,-8.56,0.39,1.56,1.56
!!! Ran Brake Warning- SAFE !!!,2295763.255,581.24,-6.340792869,2.17686302,0.1,1132.657558,667.23,0.482785259,4071.179449,0.070873097,-6.16,0.29,0.87,1.56
!!! Ran Brake Warning- SAFE !!!,2295763.875,576.46,-6.179154695,0.560634855,0.01,1148.45175,662.25,0.093287306,4071.322227,0.00978978,-6.37,0.3,0.96,1.56
!!! Ran Brake Warning- SAFE !!!,2295764.475,571.84,-6.975874843,0.859057399,0.02,1145.070488,656.75,0.319863714,4071.315704,0.050836207,-7.34,0.34,1.29,1.56
!!! Ran Brake Warning- SAFE !!!,2295765.095,566.93,-8.163242226,2.337546821,0.13,1129.407909,650.29,1.031033534,4071.181109,0.13858992,-8.95,0.42,1.96,1.56
!!! Ran Brake Warning- SAFE !!!,2295765.715,562.14,-10.76303647,8.263513715,1.63,1070.244325,639.8,4.957077931,4071.370917,0.504259686,-12.47,0.58,3.83,1.56
!!! Ran Brake Warning- SAFE !!!,2295766.315,560.37,-11.6121172,20.22223093,9.06,954.0649031,630.16,9.457781605,4066.983329,0.953471699,-11.69,0.53,2.82,1.56
!!! Ran Brake Warning- SAFE !!!,2295766.935,563.42,-4.915930367,21.49402581,9.71,953.8639149,650.19,2.839435614,4052.022597,0.852096415,-4.72,0.21,0.37,1.56
!!! Ran Brake Warning- SAFE !!!,2295767.535,567.17,-0.804593727,13.74513006,3.88,1039.310262,654.89,0.029029628,4049.67906,0.504913277,-0.82,0.03,0.01,1.56
!!! Ran Brake Warning- SAFE !!!,2295768.155,568.42,1.074443196,9.463053649,1.91,1081.697274,653.87,0.596541401,4050.392527,0.418702049,0.51,0.02,0.02,1.56
!!! Ran Brake Warning- SAFE !!!,2295768.755,566.26,1.902128799,12.73712139,3.47,1052.860225,648.32,1.445524243,4056.150025,0.561862252,1.66,0.07,0.24,1.56
!!! Ran Brake Warning- SAFE !!!,2295769.355,564.81,5.902881191,13.06782932,3.52,1057.237272,643.21,3.801026273,4060.189254,0.504822762,6.71,0.31,3.46,1.56
!!! Ran Brake Warning- SAFE !!!,2295769.975,569,10.17059741,7.713102549,1.21,1116.808837,651.25,3.156533415,4057.994358,0.299171738,9.61,0.43,6.02,1.56
!!! Ran Brake Warning- SAFE !!!,2295770.575,576.39,7.343132266,10.54012446,2.41,1089.197774,661.08,3.206940148,4053.766229,0.491620741,5.1,0.22,1.43,1.56
!!! Ran Brake Warning- SAFE !!!,2295771.195,580.37,1.997624611,13.35154172,3.69,1068.670947,667.87,0.995957791,4053.714837,0.545680596,0.2,0.01,0,1.56
!!! Ran Brake Warning- SAFE !!!,2295771.795,578.82,0.99617828,13.19976102,3.61,1074.559088,663.66,1.03087295,4059.53902,0.563667847,0.99,0.05,0.13,1.56
!!! Ran Brake Warning- SAFE !!!,2295772.415,576.85,7.365838427,13.02099483,3.38,1083.926738,656.48,4.42074557,4064.802944,0.454054397,8.98,0.4,6.01,1.56
!!! Ran Brake Warning- SAFE !!!,2295773.015,580.56,12.13329803,4.411755983,0.4,1173.999098,665.81,2.120310541,4064.000563,0.191796617,11.2,0.48,7.7,1.56
!!! Ran Brake Warning- SAFE !!!,2295773.635,587.81,6.231013666,11.30399915,2.74,1106.603878,674.56,2.574935809,4059.787171,0.543491744,2.37,0.1,0.2,1.56
!!! Ran Brake Warning- SAFE !!!,2295774.235,591.68,-2.713736905,15.01495969,4.57,1078.5676,681.29,1.708143763,4057.143647,0.58982175,-4.36,0.19,0.41,1.56
!!! Ran Brake Warning- SAFE !!!,2295774.855,589.56,-1.593166033,13.7229936,3.8,1096.181624,676.83,0.154638485,4062.066072,0.540845395,-0.95,0.03,0,1.56
!!! Ran Brake Warning- SAFE !!!,2295775.455,586.37,5.122752146,11.91795893,2.86,1120.0055,668.83,3.336075394,4067.926865,0.461037633,6.76,0.3,3.5,1.56
!!! Ran Brake Warning- SAFE !!!,2295776.075,588.62,11.63042608,7.400796666,1.03,1172.307252,673.34,3.104674878,4068.156848,0.247315573,11.37,0.49,8.19,1.56
!!! Ran Brake Warning- SAFE !!!,2295776.675,595.93,8.523198883,9.171843307,1.78,1152.916008,683.19,3.158367569,4064.566911,0.445346317,5.53,0.22,1.51,1.56
!!! Ran Brake Warning- SAFE !!!,2295777.295,601.81,-0.098633889,16.87129779,5.79,1084.611276,696.57,0.679363521,4058.23058,0.710652376,-3.42,0.16,0.39,1.56
!!! Ran Brake Warning- SAFE !!!,2295777.895,600.97,-4.043823679,17.29697026,5.86,1090.164016,689.69,1.997718739,4062.339021,0.648167047,-3.98,0.16,0.25,1.56
!!! Ran Brake Warning- SAFE !!!,2295778.515,595.99,1.179035063,13.35252686,3.45,1134.274911,682.37,1.295520969,4069.556478,0.492803514,2.03,0.09,0.39,1.56
!!! Ran Brake Warning- SAFE !!!,2295779.115,593.65,6.374776687,10.68397339,2.22,1166.436223,677.67,2.989932899,4073.750397,0.407125991,6.73,0.28,3.02,1.56
!!! Ran Brake Warning- SAFE !!!,2295779.715,598.44,8.456000455,10.07001655,1.98,1177.427362,684.52,3.413987471,4070.77567,0.396535424,7.61,0.31,3.48,1.55
!!! Ran Brake Warning- SAFE !!!,2295780.335,606.83,6.199623899,11.54506514,2.63,1166.691236,697.15,2.830741269,4064.709311,0.480439694,4.5,0.19,1.1,1.55
!!! Ran Brake Warning- SAFE !!!,2295780.935,611.57,4.524727764,15.51934958,4.67,1133.423924,702.74,3.388125241,4063.954332,0.62115167,4.42,0.19,1.38,1.55
!!! Ran Brake Warning- SAFE !!!,2295781.555,611.12,7.794465877,13.82099026,3.58,1159.348061,696.4,4.143689393,4072.4285,0.476267772,7.29,0.3,3.28,1.55
!!! Ran Brake Warning- SAFE !!!,2295782.155,610.67,6.633571945,10.34196771,2.05,1198.071536,697.61,2.479195257,4076.581173,0.411430135,4.73,0.19,1.24,1.55
!!! Ran Brake Warning- SAFE !!!,2295782.775,613.86,1.850917145,14.14512147,3.89,1164.942277,703.57,0.835885054,4074.29007,0.566032054,-0.33,0.01,0.01,1.55
!!! Ran Brake Warning- SAFE !!!,2295783.375,620.51,0.030306123,14.63245555,4.06,1168.055424,716.02,0.539874588,4065.123063,0.545095774,0.05,0.01,0.01,1.55
!!! Ran Brake Warning- SAFE !!!,2295783.995,626.67,4.54365074,13.08461194,3.21,1189.663081,720.47,2.836570969,4061.810078,0.475628588,5.36,0.22,2.12,1.55
!!! Ran Brake Warning- SAFE !!!,2295784.595,630.78,11.66879036,10.52299288,2.01,1224.964413,720.02,4.724700748,4065.392631,0.332990303,12.89,0.52,10.43,1.55
!!! Ran Brake Warning- SAFE !!!,2295785.215,634.92,12.61806761,7.400929128,1.08,1256.596533,725.61,3.711154362,4068.482884,0.336608729,10.3,0.4,5.45,1.55
!!! Ran Brake Warning- SAFE !!!,2295785.815,640.77,4.179679125,14.35125522,3.95,1191.543131,733.05,1.535491838,4066.983679,0.582563161,-0.15,0.02,0.03,1.55
!!! Ran Brake Warning- SAFE !!!,2295786.435,646.6,-4.36007872,16.44356261,5.01,1180.936887,743.44,2.269193745,4057.741972,0.603344163,-4.92,0.19,0.38,1.55
!!! Ran Brake Warning- SAFE !!!,2295787.035,651.59,0.64732489,15.63891752,4.49,1196.547405,751.89,1.448605826,4051.68213,0.557054784,2.48,0.11,0.6,1.55
!!! Ran Brake Warning- SAFE !!!,2295787.655,656.13,9.154295433,12.23738578,2.7,1236.984578,750.72,4.398699667,4053.355466,0.416940086,9.7,0.38,5.85,1.55
!!! Ran Brake Warning- SAFE !!!,2295788.255,659.17,12.40035854,10.32503968,1.95,1261.871058,751.85,4.804632823,4058.456642,0.37726693,11.82,0.46,7.98,1.55
!!! Ran Brake Warning- SAFE !!!,2295788.855,663.47,9.955546811,11.79216592,2.59,1252.226971,756.52,4.297742857,4060.551058,0.461480079,7.93,0.3,3.25,1.55
!!! Ran Brake Warning- SAFE !!!,2295789.475,670.45,3.530359661,16.06997531,4.77,1214.599773,768.89,1.467158968,4054.7542,0.612886349,-0.41,0.02,0.04,1.55
!!! Ran Brake Warning- SAFE !!!,2295790.075,675.52,-8.796095549,17.45759365,5.5,1211.727484,774.04,6.416043261,4044.799716,0.579691388,-13.29,0.52,4.03,1.55
!!! Ran Brake Warning- SAFE !!!,2295790.695,671.63,-19.33314663,6.023106399,0.54,1341.844948,767.45,2.444844454,4044.350191,0.071567575,-20.44,0.78,7.9,1.55
!!! Ran Brake Warning- SAFE !!!,2295791.295,660.78,-17.24626321,10.66381986,2.03,1287.504346,751.48,6.885481933,4044.863943,0.492349414,-15.62,0.58,4,1.55
!!! Ran Brake Warning- SAFE !!!,2295791.915,649.53,-5.046763894,18.89813349,6.37,1216.242737,747.2,1.451687499,4047.923681,0.657241883,-1.88,0.07,0,1.55
!!! Ran Brake Warning- SAFE !!!,2295792.515,644.25,7.730094576,14.8065259,3.88,1267.071754,735,4.87086324,4057.142236,0.457541687,9.76,0.38,6.04,1.55
